Full Name,Username,Password,Phone Number,Email,Address,Occupation,Notes
Christopher Paulsen,ChrisP,password1,,,,,
Semkin,VS1,password2,,,,,
Sophia Miller,VS2,password3,,,,,
Noah Wilson,VS3,password4,,,,,
Emma Davis,VS4,password5,,,,,
Jackson Lee,VS5,password6,,,,,
Olivia Martin,VS6,password7,,,,,
Aiden Clark,VS7,password8,,,,,
Isabella Lewis,VS8,password9,,,,,
Lucas Young,VS9,password10,,,,,
Mia Hall,VS10,password11,,,,,
Ethan Allen,VS11,password12,,,,,
Charlotte King,VS12,password13,,,,,
Mason Wright,VS13,password14,,,,,
Amelia Scott,VS14,password15,,,,,
Logan Adams,VS15,password16,,,,,
Harper Baker,VS16,password17,,,,,
Jacob Nelson,VS17,password18,,,,,
Evelyn Carter,VS18,password19,,,,,
Alexander Mitchell,VS19,password20,,,,,
Abigail Perez,VS20,password21,,,,,
James Roberts,VS21,password22,,,,,
Emily Turner,VS22,password23,,,,,
Benjamin Phillips,VS23,password24,,,,,
Lily Campbell,VS24,password25,,,,,
Scarlett Evans,VS25,password26,,,,,
Michael Edwards,VS26,password27,,,,,
Grace Collins,VS27,password28,,,,,
Henry Stewart,VS28,password29,,,,,
Chloe Morris,VS29,password30,,,,,
William Rogers,VS30,password31,,,,,
Zoey Reed,VS31,password32,,,,,
Samuel Cook,VS32,password33,,,,,
Layla Morgan,VS33,password34,,,,,
Matthew Bell,VS34,password35,,,,,
Hannah Murphy,VS35,password36,,,,,
Joseph Bailey,VS36,password37,,,,,
Aria Cooper,VS37,password38,,,,,
Nora Richardson,VS38,password39,,,,,
Anthony Cox,VS39,password40,,,,,
Mila Howard,VS40,password41,,,,,
Christopher Ward,VS41,password42,,,,,
Ellie Peterson,VS42,password43,,,,,
Joshua Gray,VS43,password44,,,,,
Avery Hughes,VS44,password45,,,,,
Nathan Simmons,VS45,password46,,,,,
Sofia Foster,VS46,password47,,,,,
Ryan Bryant,VS47,password48,,,,,
Ryan Bryant Jr,VS48,password49,,,,,
James A Roberts,VS49,password50,,,,,
Administrator,admin,admin123,,,,,
Test1,test01,password52,,,,,
